Run,Assay Type,AvgSpotLen,Bases,BioProject,BioSample,BioSampleModel,Bytes,Center Name,Collection_Date,Consent,DATASTORE filetype,DATASTORE provider,DATASTORE region,Experiment,geo_loc_name_country,geo_loc_name_country_continent,geo_loc_name,Instrument,lat_lon,Library Name,LibraryLayout,LibrarySelection,LibrarySource,Organism,Platform,ReleaseDate,create_date,version,Sample Name,SRA Study,env_broad_scale,env_local_scale,env_medium,ph,HOST,cur_land_use,cur_vegetation,Depth,elev,isolation_source,samp_mat_process,source_material_id
SRR12728805,AMPLICON,500,124960988,PRJNA665712,SAMN16264381,Metagenome or environmental,71551736,SAURASHTRA UNIVERSITY,2017-08-06,public,"sra,run.zq,fastq","ncbi,gs,s3","ncbi.public,s3.us-east-1,gs.us-east1",SRX9202193,India,Asia,"India: farm near Ranakandorana\, Gujarat",Illumina MiSeq,21.618669 N 69.865737 E,R4-AMA,PAIRED,PCR,METAGENOMIC,rhizosphere metagenome,ILLUMINA,2021-09-28T00:00:00Z,2020-09-28T11:53:00Z,1,R4-AMA,SRP285612,,,,,Arachis hypogaea,,,,,rhizosphere soil,"rhizosphere soil from five distinct plants were pooled\, serially diluted and platted on media. 2 plates were platted for two dilutions (10e-5 and 10e-6) and incubated at 27 and 37 Celsius.",R4-AMA
SRR12728806,AMPLICON,500,50910857,PRJNA665712,SAMN16264380,Metagenome or environmental,29265189,SAURASHTRA UNIVERSITY,2017-08-06,public,"run.zq,fastq,sra","ncbi,gs,s3","s3.us-east-1,ncbi.public,gs.us-east1",SRX9202192,India,Asia,"India: farm near Ranakandorana\, Gujarat",Illumina MiSeq,21.618669 N 69.865737 E,R4-AIA,PAIRED,PCR,METAGENOMIC,rhizosphere metagenome,ILLUMINA,2021-09-28T00:00:00Z,2020-09-28T11:53:00Z,1,R4-AIA,SRP285612,,,,,Arachis hypogaea,,,,,rhizosphere soil,"rhizosphere soil from five distinct plants were pooled\, serially diluted and platted on media. 2 plates were platted for two dilutions (10e-5 and 10e-6) and incubated at 27 and 37 Celsius.",R4-AIA
SRR12728807,AMPLICON,501,43776447,PRJNA665712,SAMN16264379,Metagenome or environmental,26549483,SAURASHTRA UNIVERSITY,2017-07-24,public,"fastq,sra,run.zq","ncbi,gs,s3","ncbi.public,s3.us-east-1,gs.us-east1",SRX9202191,India,Asia,"India: farm near Ranakandorana\, Gujarat",Illumina MiSeq,21.618669 N 69.865737 E,R3-YMA,PAIRED,PCR,METAGENOMIC,rhizosphere metagenome,ILLUMINA,2021-09-28T00:00:00Z,2020-09-28T11:53:00Z,1,R3-YMA,SRP285612,,,,,Arachis hypogaea,,,,,rhizosphere soil,"rhizosphere soil from five distinct plants were pooled\, serially diluted and platted on media. 2 plates were platted for two dilutions (10e-5 and 10e-6) and incubated at 27 and 37 Celsius.",R3-YMA
SRR12728808,AMPLICON,500,83495441,PRJNA665712,SAMN16264378,Metagenome or environmental,49067273,SAURASHTRA UNIVERSITY,2017-07-24,public,"run.zq,fastq,sra","s3,ncbi,gs","gs.us-east1,ncbi.public,s3.us-east-1",SRX9202190,India,Asia,"India: farm near Ranakandorana\, Gujarat",Illumina MiSeq,21.618669 N 69.865737 E,R3-YEM,PAIRED,PCR,METAGENOMIC,rhizosphere metagenome,ILLUMINA,2021-09-28T00:00:00Z,2020-09-28T11:53:00Z,1,R3-YEM,SRP285612,,,,,Arachis hypogaea,,,,,rhizosphere soil,"rhizosphere soil from five distinct plants were pooled\, serially diluted and platted on media. 2 plates were platted for two dilutions (10e-5 and 10e-6) and incubated at 27 and 37 Celsius.",R3-YEM
SRR12728809,AMPLICON,500,107371506,PRJNA665712,SAMN16264377,Metagenome or environmental,62401310,SAURASHTRA UNIVERSITY,2017-07-24,public,"sra,run.zq,fastq","ncbi,gs,s3","gs.us-east1,s3.us-east-1,ncbi.public",SRX9202189,India,Asia,"India: farm near Ranakandorana\, Gujarat",Illumina MiSeq,21.618669 N 69.865737 E,R3-TSA,PAIRED,PCR,METAGENOMIC,rhizosphere metagenome,ILLUMINA,2021-09-28T00:00:00Z,2020-09-28T11:54:00Z,1,R3-TSA,SRP285612,,,,,Arachis hypogaea,,,,,rhizosphere soil,"rhizosphere soil from five distinct plants were pooled\, serially diluted and platted on media. 2 plates were platted for two dilutions (10e-5 and 10e-6) and incubated at 27 and 37 Celsius.",R3-TSA
SRR12728810,AMPLICON,500,89128208,PRJNA665712,SAMN16264376,Metagenome or environmental,51614044,SAURASHTRA UNIVERSITY,2017-07-24,public,"sra,run.zq,fastq","s3,ncbi,gs","s3.us-east-1,ncbi.public,gs.us-east1",SRX9202188,India,Asia,"India: farm near Ranakandorana\, Gujarat",Illumina MiSeq,21.618669 N 69.865737 E,R3-SEA,PAIRED,PCR,METAGENOMIC,rhizosphere metagenome,ILLUMINA,2021-09-28T00:00:00Z,2020-09-28T11:53:00Z,1,R3-SEA,SRP285612,,,,,Arachis hypogaea,,,,,rhizosphere soil,"rhizosphere soil from five distinct plants were pooled\, serially diluted and platted on media. 2 plates were platted for two dilutions (10e-5 and 10e-6) and incubated at 27 and 37 Celsius.",R3-SEA
SRR12728811,AMPLICON,500,98019147,PRJNA665712,SAMN16264375,Metagenome or environmental,58185911,SAURASHTRA UNIVERSITY,2017-07-24,public,"run.zq,sra,fastq","gs,s3,ncbi","ncbi.public,gs.us-east1,s3.us-east-1",SRX9202187,India,Asia,"India: farm near Ranakandorana\, Gujarat",Illumina MiSeq,21.618669 N 69.865737 E,R3-R2A,PAIRED,PCR,METAGENOMIC,rhizosphere metagenome,ILLUMINA,2021-09-28T00:00:00Z,2020-09-28T11:53:00Z,1,R3-R2A,SRP285612,,,,,Arachis hypogaea,,,,,rhizosphere soil,"rhizosphere soil from five distinct plants were pooled\, serially diluted and platted on media. 2 plates were platted for two dilutions (10e-5 and 10e-6) and incubated at 27 and 37 Celsius.",R3-R2A
SRR12728812,AMPLICON,500,67946879,PRJNA665712,SAMN16264374,Metagenome or environmental,39711284,SAURASHTRA UNIVERSITY,2017-07-24,public,"fastq,sra,run.zq","ncbi,gs,s3","ncbi.public,gs.us-east1,s3.us-east-1",SRX9202186,India,Asia,"India: farm near Ranakandorana\, Gujarat",Illumina MiSeq,21.618669 N 69.865737 E,R3-NB,PAIRED,PCR,METAGENOMIC,rhizosphere metagenome,ILLUMINA,2021-09-28T00:00:00Z,2020-09-28T11:53:00Z,1,R3-NB,SRP285612,,,,,Arachis hypogaea,,,,,rhizosphere soil,"rhizosphere soil from five distinct plants were pooled\, serially diluted and platted on media. 2 plates were platted for two dilutions (10e-5 and 10e-6) and incubated at 27 and 37 Celsius.",R3-NB
SRR12728813,AMPLICON,500,22968018,PRJNA665712,SAMN16264387,Metagenome or environmental,13495068,SAURASHTRA UNIVERSITY,2017-08-06,public,"fastq,sra,run.zq","s3,ncbi,gs","ncbi.public,s3.us-east-1,gs.us-east1",SRX9202185,India,Asia,"India: farm near Ranakandorana\, Gujarat",Illumina MiSeq,21.618669 N 69.865737 E,R4-YMA,PAIRED,PCR,METAGENOMIC,rhizosphere metagenome,ILLUMINA,2021-09-28T00:00:00Z,2020-09-28T11:53:00Z,1,R4-YMA,SRP285612,,,,,Arachis hypogaea,,,,,rhizosphere soil,"rhizosphere soil from five distinct plants were pooled\, serially diluted and platted on media. 2 plates were platted for two dilutions (10e-5 and 10e-6) and incubated at 27 and 37 Celsius.",R4-YMA
SRR12728814,AMPLICON,500,81299327,PRJNA665712,SAMN16264386,Metagenome or environmental,46334066,SAURASHTRA UNIVERSITY,2017-08-06,public,"sra,fastq,run.zq","ncbi,gs,s3","gs.us-east1,s3.us-east-1,ncbi.public",SRX9202184,India,Asia,"India: farm near Ranakandorana\, Gujarat",Illumina MiSeq,21.618669 N 69.865737 E,R4-YEM,PAIRED,PCR,METAGENOMIC,rhizosphere metagenome,ILLUMINA,2021-09-28T00:00:00Z,2020-09-28T11:53:00Z,1,R4-YEM,SRP285612,,,,,Arachis hypogaea,,,,,rhizosphere soil,"rhizosphere soil from five distinct plants were pooled\, serially diluted and platted on media. 2 plates were platted for two dilutions (10e-5 and 10e-6) and incubated at 27 and 37 Celsius.",R4-YEM
SRR12728815,AMPLICON,500,45745291,PRJNA665712,SAMN16264385,Metagenome or environmental,25978300,SAURASHTRA UNIVERSITY,2017-08-06,public,"sra,run.zq,fastq","ncbi,gs,s3","ncbi.public,s3.us-east-1,gs.us-east1",SRX9202183,India,Asia,"India: farm near Ranakandorana\, Gujarat",Illumina MiSeq,21.618669 N 69.865737 E,R4-TSA,PAIRED,PCR,METAGENOMIC,rhizosphere metagenome,ILLUMINA,2021-09-28T00:00:00Z,2020-09-28T11:53:00Z,1,R4-TSA,SRP285612,,,,,Arachis hypogaea,,,,,rhizosphere soil,"rhizosphere soil from five distinct plants were pooled\, serially diluted and platted on media. 2 plates were platted for two dilutions (10e-5 and 10e-6) and incubated at 27 and 37 Celsius.",R4-TSA
SRR12728816,AMPLICON,500,47742737,PRJNA665712,SAMN16264384,Metagenome or environmental,27044966,SAURASHTRA UNIVERSITY,2017-08-06,public,"run.zq,fastq,sra","s3,ncbi,gs","ncbi.public,gs.us-east1,s3.us-east-1",SRX9202182,India,Asia,"India: farm near Ranakandorana\, Gujarat",Illumina MiSeq,21.618669 N 69.865737 E,R4-SEA,PAIRED,PCR,METAGENOMIC,rhizosphere metagenome,ILLUMINA,2021-09-28T00:00:00Z,2020-09-28T11:53:00Z,1,R4-SEA,SRP285612,,,,,Arachis hypogaea,,,,,rhizosphere soil,"rhizosphere soil from five distinct plants were pooled\, serially diluted and platted on media. 2 plates were platted for two dilutions (10e-5 and 10e-6) and incubated at 27 and 37 Celsius.",R4-SEA
SRR12728817,AMPLICON,500,32251265,PRJNA665712,SAMN16264383,Metagenome or environmental,18752207,SAURASHTRA UNIVERSITY,2017-08-06,public,"fastq,run.zq,sra","ncbi,gs,s3","gs.us-east1,s3.us-east-1,ncbi.public",SRX9202181,India,Asia,"India: farm near Ranakandorana\, Gujarat",Illumina MiSeq,21.618669 N 69.865737 E,R4-R2A,PAIRED,PCR,METAGENOMIC,rhizosphere metagenome,ILLUMINA,2021-09-28T00:00:00Z,2020-09-28T11:53:00Z,1,R4-R2A,SRP285612,,,,,Arachis hypogaea,,,,,rhizosphere soil,"rhizosphere soil from five distinct plants were pooled\, serially diluted and platted on media. 2 plates were platted for two dilutions (10e-5 and 10e-6) and incubated at 27 and 37 Celsius.",R4-R2A
SRR12728818,AMPLICON,500,89819510,PRJNA665712,SAMN16264382,Metagenome or environmental,51554515,SAURASHTRA UNIVERSITY,2017-08-06,public,"sra,fastq,run.zq","s3,ncbi,gs","s3.us-east-1,gs.us-east1,ncbi.public",SRX9202180,India,Asia,"India: farm near Ranakandorana\, Gujarat",Illumina MiSeq,21.618669 N 69.865737 E,R4-NB,PAIRED,PCR,METAGENOMIC,rhizosphere metagenome,ILLUMINA,2021-09-28T00:00:00Z,2020-09-28T11:53:00Z,1,R4-NB,SRP285612,,,,,Arachis hypogaea,,,,,rhizosphere soil,"rhizosphere soil from five distinct plants were pooled\, serially diluted and platted on media. 2 plates were platted for two dilutions (10e-5 and 10e-6) and incubated at 27 and 37 Celsius.",R4-NB
SRR12728819,AMPLICON,501,56888747,PRJNA665712,SAMN16264373,Metagenome or environmental,34096814,SAURASHTRA UNIVERSITY,2017-07-24,public,"run.zq,sra,fastq","gs,s3,ncbi","s3.us-east-1,gs.us-east1,ncbi.public",SRX9202179,India,Asia,"India: farm near Ranakandorana\, Gujarat",Illumina MiSeq,21.618669 N 69.865737 E,R3-AMA,PAIRED,PCR,METAGENOMIC,rhizosphere metagenome,ILLUMINA,2021-09-28T00:00:00Z,2020-09-28T11:53:00Z,1,R3-AMA,SRP285612,,,,,Arachis hypogaea,,,,,rhizosphere soil,"rhizosphere soil from five distinct plants were pooled\, serially diluted and platted on media. 2 plates were platted for two dilutions (10e-5 and 10e-6) and incubated at 27 and 37 Celsius.",R3-AMA
SRR12728820,AMPLICON,501,99405553,PRJNA665712,SAMN16264372,Metagenome or environmental,60133614,SAURASHTRA UNIVERSITY,2017-07-24,public,"fastq,run.zq,sra","gs,ncbi,s3","s3.us-east-1,ncbi.public,gs.us-east1",SRX9202178,India,Asia,"India: farm near Ranakandorana\, Gujarat",Illumina MiSeq,21.618669 N 69.865737 E,R3-AIA,PAIRED,PCR,METAGENOMIC,rhizosphere metagenome,ILLUMINA,2021-09-28T00:00:00Z,2020-09-28T11:53:00Z,1,R3-AIA,SRP285612,,,,,Arachis hypogaea,,,,,rhizosphere soil,"rhizosphere soil from five distinct plants were pooled\, serially diluted and platted on media. 2 plates were platted for two dilutions (10e-5 and 10e-6) and incubated at 27 and 37 Celsius.",R3-AIA
SRR12732102,AMPLICON,500,15076072,PRJNA665712,SAMN16268853,"MIMARKS.survey,MIGS/MIMS/MIMARKS.soil",8500779,SAURASHTRA UNIVERSITY,2017-07-02,public,"run.zq,fastq,sra","ncbi,gs,s3","s3.us-east-1,ncbi.public,gs.us-east1",SRX9205526,India,Asia,"India: farm near Ranakandorana\, Gujarat",Illumina MiSeq,21.618669 N 69.865737 E,B25,PAIRED,PCR,METAGENOMIC,soil metagenome,ILLUMINA,2021-09-28T00:00:00Z,2020-09-28T16:03:00Z,1,B25,SRP285612,terrestrial biome,agricultural field,agricultural soil,9.05,,row crops,Groundnut/peanut,15 cm,not applicable,,,
SRR12732103,AMPLICON,501,49373220,PRJNA665712,SAMN16268933,"MIMARKS.survey,MIGS/MIMS/MIMARKS.plant-associated",26692927,SAURASHTRA UNIVERSITY,2017-10-08,public,"sra,fastq,run.zq","gs,ncbi,s3","s3.us-east-1,ncbi.public,gs.us-east1",SRX9205525,India,Asia,"India: farm near Ranakandorana\, Gujarat",Illumina MiSeq,21.618669 N 69.865737 E,R85,PAIRED,PCR,METAGENOMIC,rhizosphere metagenome,ILLUMINA,2021-09-28T00:00:00Z,2020-09-28T16:03:00Z,1,R85,SRP285612,terrestrial biome,agricultural field,agricultural soil,8.35,Arachis hypogaea,,,,,,,
SRR12732104,AMPLICON,501,43185459,PRJNA665712,SAMN16268932,"MIMARKS.survey,MIGS/MIMS/MIMARKS.plant-associated",23348663,SAURASHTRA UNIVERSITY,2017-10-08,public,"fastq,run.zq,sra","gs,s3,ncbi","ncbi.public,s3.us-east-1,gs.us-east1",SRX9205524,India,Asia,"India: farm near Ranakandorana\, Gujarat",Illumina MiSeq,21.618669 N 69.865737 E,R84,PAIRED,PCR,METAGENOMIC,rhizosphere metagenome,ILLUMINA,2021-09-28T00:00:00Z,2020-09-28T16:03:00Z,1,R84,SRP285612,terrestrial biome,agricultural field,agricultural soil,8.31,Arachis hypogaea,,,,,,,
SRR12732105,AMPLICON,501,43332528,PRJNA665712,SAMN16268931,"MIMARKS.survey,MIGS/MIMS/MIMARKS.plant-associated",23298831,SAURASHTRA UNIVERSITY,2017-10-08,public,"sra,run.zq,fastq","gs,ncbi,s3","s3.us-east-1,gs.us-east1,ncbi.public",SRX9205523,India,Asia,"India: farm near Ranakandorana\, Gujarat",Illumina MiSeq,21.618669 N 69.865737 E,R83,PAIRED,PCR,METAGENOMIC,rhizosphere metagenome,ILLUMINA,2021-09-28T00:00:00Z,2020-09-28T16:03:00Z,1,R83,SRP285612,terrestrial biome,agricultural field,agricultural soil,8.21,Arachis hypogaea,,,,,,,
SRR12732106,AMPLICON,501,47267058,PRJNA665712,SAMN16268930,"MIMARKS.survey,MIGS/MIMS/MIMARKS.plant-associated",25443089,SAURASHTRA UNIVERSITY,2017-10-08,public,"fastq,run.zq,sra","s3,ncbi,gs","ncbi.public,s3.us-east-1,gs.us-east1",SRX9205522,India,Asia,"India: farm near Ranakandorana\, Gujarat",Illumina MiSeq,21.618669 N 69.865737 E,R82,PAIRED,PCR,METAGENOMIC,rhizosphere metagenome,ILLUMINA,2021-09-28T00:00:00Z,2020-09-28T16:03:00Z,1,R82,SRP285612,terrestrial biome,agricultural field,agricultural soil,8.34,Arachis hypogaea,,,,,,,
SRR12732107,AMPLICON,501,34370485,PRJNA665712,SAMN16268929,"MIMARKS.survey,MIGS/MIMS/MIMARKS.plant-associated",19001479,SAURASHTRA UNIVERSITY,2017-10-08,public,"fastq,sra,run.zq","gs,s3,ncbi","ncbi.public,s3.us-east-1,gs.us-east1",SRX9205521,India,Asia,"India: farm near Ranakandorana\, Gujarat",Illumina MiSeq,21.618669 N 69.865737 E,R81,PAIRED,PCR,METAGENOMIC,rhizosphere metagenome,ILLUMINA,2021-09-28T00:00:00Z,2020-09-28T16:03:00Z,1,R81,SRP285612,terrestrial biome,agricultural field,agricultural soil,8.36,Arachis hypogaea,,,,,,,
SRR12732108,AMPLICON,501,43499968,PRJNA665712,SAMN16268928,"MIMARKS.survey,MIGS/MIMS/MIMARKS.plant-associated",23151643,SAURASHTRA UNIVERSITY,2017-09-20,public,"sra,fastq,run.zq","gs,s3,ncbi","ncbi.public,gs.us-east1,s3.us-east-1",SRX9205520,India,Asia,"India: farm near Ranakandorana\, Gujarat",Illumina MiSeq,21.618669 N 69.865737 E,R75,PAIRED,PCR,METAGENOMIC,rhizosphere metagenome,ILLUMINA,2021-09-28T00:00:00Z,2020-09-28T16:03:00Z,1,R75,SRP285612,terrestrial biome,agricultural field,agricultural soil,8.35,Arachis hypogaea,,,,,,,
SRR12732109,AMPLICON,501,48681843,PRJNA665712,SAMN16268927,"MIMARKS.survey,MIGS/MIMS/MIMARKS.plant-associated",26040885,SAURASHTRA UNIVERSITY,2017-09-20,public,"fastq,run.zq,sra","ncbi,gs,s3","ncbi.public,gs.us-east1,s3.us-east-1",SRX9205519,India,Asia,"India: farm near Ranakandorana\, Gujarat",Illumina MiSeq,21.618669 N 69.865737 E,R74,PAIRED,PCR,METAGENOMIC,rhizosphere metagenome,ILLUMINA,2021-09-28T00:00:00Z,2020-09-28T16:03:00Z,1,R74,SRP285612,terrestrial biome,agricultural field,agricultural soil,8.26,Arachis hypogaea,,,,,,,
SRR12732110,AMPLICON,501,59068770,PRJNA665712,SAMN16268926,"MIMARKS.survey,MIGS/MIMS/MIMARKS.plant-associated",31811201,SAURASHTRA UNIVERSITY,2017-09-20,public,"fastq,run.zq,sra","s3,ncbi,gs","s3.us-east-1,ncbi.public,gs.us-east1",SRX9205518,India,Asia,"India: farm near Ranakandorana\, Gujarat",Illumina MiSeq,21.618669 N 69.865737 E,R73,PAIRED,PCR,METAGENOMIC,rhizosphere metagenome,ILLUMINA,2021-09-28T00:00:00Z,2020-09-28T16:03:00Z,1,R73,SRP285612,terrestrial biome,agricultural field,agricultural soil,8.5,Arachis hypogaea,,,,,,,
SRR12732111,AMPLICON,501,8585483,PRJNA665712,SAMN16268925,"MIMARKS.survey,MIGS/MIMS/MIMARKS.plant-associated",4665342,SAURASHTRA UNIVERSITY,2017-09-20,public,"sra,fastq,run.zq","s3,ncbi,gs","s3.us-east-1,gs.us-east1,ncbi.public",SRX9205517,India,Asia,"India: farm near Ranakandorana\, Gujarat",Illumina MiSeq,21.618669 N 69.865737 E,R72,PAIRED,PCR,METAGENOMIC,rhizosphere metagenome,ILLUMINA,2021-09-28T00:00:00Z,2020-09-28T16:03:00Z,1,R72,SRP285612,terrestrial biome,agricultural field,agricultural soil,8.31,Arachis hypogaea,,,,,,,
SRR12732112,AMPLICON,501,28135907,PRJNA665712,SAMN16268924,"MIMARKS.survey,MIGS/MIMS/MIMARKS.plant-associated",15015210,SAURASHTRA UNIVERSITY,2017-09-20,public,"run.zq,sra,fastq","gs,ncbi,s3","s3.us-east-1,gs.us-east1,ncbi.public",SRX9205516,India,Asia,"India: farm near Ranakandorana\, Gujarat",Illumina MiSeq,21.618669 N 69.865737 E,R71,PAIRED,PCR,METAGENOMIC,rhizosphere metagenome,ILLUMINA,2021-09-28T00:00:00Z,2020-09-28T16:03:00Z,1,R71,SRP285612,terrestrial biome,agricultural field,agricultural soil,8.3,Arachis hypogaea,,,,,,,
SRR12732113,AMPLICON,501,38477138,PRJNA665712,SAMN16268852,"MIMARKS.survey,MIGS/MIMS/MIMARKS.soil",21048669,SAURASHTRA UNIVERSITY,2017-07-02,public,"run.zq,fastq,sra","gs,s3,ncbi","gs.us-east1,s3.us-east-1,ncbi.public",SRX9205515,India,Asia,"India: farm near Ranakandorana\, Gujarat",Illumina MiSeq,21.618669 N 69.865737 E,B24,PAIRED,PCR,METAGENOMIC,soil metagenome,ILLUMINA,2021-09-28T00:00:00Z,2020-09-28T16:03:00Z,1,B24,SRP285612,terrestrial biome,agricultural field,agricultural soil,8.88,,row crops,Groundnut/peanut,15 cm,not applicable,,,
SRR12732114,AMPLICON,501,5872607,PRJNA665712,SAMN16268923,"MIMARKS.survey,MIGS/MIMS/MIMARKS.plant-associated",3199596,SAURASHTRA UNIVERSITY,2017-09-03,public,"fastq,run.zq,sra","ncbi,gs,s3","gs.us-east1,s3.us-east-1,ncbi.public",SRX9205514,India,Asia,"India: farm near Ranakandorana\, Gujarat",Illumina MiSeq,21.618669 N 69.865737 E,R65,PAIRED,PCR,METAGENOMIC,rhizosphere metagenome,ILLUMINA,2021-09-28T00:00:00Z,2020-09-28T16:03:00Z,1,R65,SRP285612,terrestrial biome,agricultural field,agricultural soil,8.1,Arachis hypogaea,,,,,,,
SRR12732115,AMPLICON,501,33218473,PRJNA665712,SAMN16268922,"MIMARKS.survey,MIGS/MIMS/MIMARKS.plant-associated",17757831,SAURASHTRA UNIVERSITY,2017-09-03,public,"run.zq,sra,fastq","gs,ncbi,s3","s3.us-east-1,gs.us-east1,ncbi.public",SRX9205513,India,Asia,"India: farm near Ranakandorana\, Gujarat",Illumina MiSeq,21.618669 N 69.865737 E,R64,PAIRED,PCR,METAGENOMIC,rhizosphere metagenome,ILLUMINA,2021-09-28T00:00:00Z,2020-09-28T16:03:00Z,1,R64,SRP285612,terrestrial biome,agricultural field,agricultural soil,8.41,Arachis hypogaea,,,,,,,
SRR12732116,AMPLICON,501,22097350,PRJNA665712,SAMN16268921,"MIMARKS.survey,MIGS/MIMS/MIMARKS.plant-associated",12136807,SAURASHTRA UNIVERSITY,2017-09-03,public,"run.zq,sra,fastq","s3,gs,ncbi","ncbi.public,s3.us-east-1,gs.us-east1",SRX9205512,India,Asia,"India: farm near Ranakandorana\, Gujarat",Illumina MiSeq,21.618669 N 69.865737 E,R63,PAIRED,PCR,METAGENOMIC,rhizosphere metagenome,ILLUMINA,2021-09-28T00:00:00Z,2020-09-28T16:03:00Z,1,R63,SRP285612,terrestrial biome,agricultural field,agricultural soil,8.42,Arachis hypogaea,,,,,,,
SRR12732117,AMPLICON,501,38065929,PRJNA665712,SAMN16268920,"MIMARKS.survey,MIGS/MIMS/MIMARKS.plant-associated",20304954,SAURASHTRA UNIVERSITY,2017-09-03,public,"sra,fastq,run.zq","ncbi,gs,s3","gs.us-east1,s3.us-east-1,ncbi.public",SRX9205511,India,Asia,"India: farm near Ranakandorana\, Gujarat",Illumina MiSeq,21.618669 N 69.865737 E,R62,PAIRED,PCR,METAGENOMIC,rhizosphere metagenome,ILLUMINA,2021-09-28T00:00:00Z,2020-09-28T16:03:00Z,1,R62,SRP285612,terrestrial biome,agricultural field,agricultural soil,8.6,Arachis hypogaea,,,,,,,
SRR12732118,AMPLICON,501,34164240,PRJNA665712,SAMN16268919,"MIMARKS.survey,MIGS/MIMS/MIMARKS.plant-associated",18194924,SAURASHTRA UNIVERSITY,2017-09-03,public,"run.zq,fastq,sra","ncbi,s3,gs","s3.us-east-1,gs.us-east1,ncbi.public",SRX9205510,India,Asia,"India: farm near Ranakandorana\, Gujarat",Illumina MiSeq,21.618669 N 69.865737 E,R61,PAIRED,PCR,METAGENOMIC,rhizosphere metagenome,ILLUMINA,2021-09-28T00:00:00Z,2020-09-28T16:03:00Z,1,R61,SRP285612,terrestrial biome,agricultural field,agricultural soil,8.51,Arachis hypogaea,,,,,,,
SRR12732119,AMPLICON,501,49053278,PRJNA665712,SAMN16268918,"MIMARKS.survey,MIGS/MIMS/MIMARKS.plant-associated",26477089,SAURASHTRA UNIVERSITY,2017-08-20,public,"run.zq,sra,fastq","s3,gs,ncbi","s3.us-east-1,gs.us-east1,ncbi.public",SRX9205509,India,Asia,"India: farm near Ranakandorana\, Gujarat",Illumina MiSeq,21.618669 N 69.865737 E,R55,PAIRED,PCR,METAGENOMIC,rhizosphere metagenome,ILLUMINA,2021-09-28T00:00:00Z,2020-09-28T16:03:00Z,1,R55,SRP285612,terrestrial biome,agricultural field,agricultural soil,8.5,Arachis hypogaea,,,,,,,
SRR12732120,AMPLICON,501,22650799,PRJNA665712,SAMN16268917,"MIMARKS.survey,MIGS/MIMS/MIMARKS.plant-associated",12126472,SAURASHTRA UNIVERSITY,2017-08-20,public,"sra,fastq,run.zq","ncbi,gs,s3","ncbi.public,s3.us-east-1,gs.us-east1",SRX9205508,India,Asia,"India: farm near Ranakandorana\, Gujarat",Illumina MiSeq,21.618669 N 69.865737 E,R54,PAIRED,PCR,METAGENOMIC,rhizosphere metagenome,ILLUMINA,2021-09-28T00:00:00Z,2020-09-28T16:03:00Z,1,R54,SRP285612,terrestrial biome,agricultural field,agricultural soil,8.32,Arachis hypogaea,,,,,,,
SRR12732121,AMPLICON,501,18763339,PRJNA665712,SAMN16268916,"MIMARKS.survey,MIGS/MIMS/MIMARKS.plant-associated",10066862,SAURASHTRA UNIVERSITY,2017-08-20,public,"run.zq,sra,fastq","s3,gs,ncbi","gs.us-east1,s3.us-east-1,ncbi.public",SRX9205507,India,Asia,"India: farm near Ranakandorana\, Gujarat",Illumina MiSeq,21.618669 N 69.865737 E,R53,PAIRED,PCR,METAGENOMIC,rhizosphere metagenome,ILLUMINA,2021-09-28T00:00:00Z,2020-09-28T16:03:00Z,1,R53,SRP285612,terrestrial biome,agricultural field,agricultural soil,8.48,Arachis hypogaea,,,,,,,
SRR12732122,AMPLICON,501,31655761,PRJNA665712,SAMN16268915,"MIMARKS.survey,MIGS/MIMS/MIMARKS.plant-associated",17049134,SAURASHTRA UNIVERSITY,2017-08-20,public,"fastq,run.zq,sra","gs,ncbi,s3","s3.us-east-1,ncbi.public,gs.us-east1",SRX9205506,India,Asia,"India: farm near Ranakandorana\, Gujarat",Illumina MiSeq,21.618669 N 69.865737 E,R52,PAIRED,PCR,METAGENOMIC,rhizosphere metagenome,ILLUMINA,2021-09-28T00:00:00Z,2020-09-28T16:04:00Z,1,R52,SRP285612,terrestrial biome,agricultural field,agricultural soil,8.58,Arachis hypogaea,,,,,,,
SRR12732123,AMPLICON,501,34838877,PRJNA665712,SAMN16268914,"MIMARKS.survey,MIGS/MIMS/MIMARKS.plant-associated",18673322,SAURASHTRA UNIVERSITY,2017-08-20,public,"sra,run.zq,fastq","s3,gs,ncbi","ncbi.public,s3.us-east-1,gs.us-east1",SRX9205505,India,Asia,"India: farm near Ranakandorana\, Gujarat",Illumina MiSeq,21.618669 N 69.865737 E,R51,PAIRED,PCR,METAGENOMIC,rhizosphere metagenome,ILLUMINA,2021-09-28T00:00:00Z,2020-09-28T16:03:00Z,1,R51,SRP285612,terrestrial biome,agricultural field,agricultural soil,8.47,Arachis hypogaea,,,,,,,
SRR12732124,AMPLICON,501,37590031,PRJNA665712,SAMN16268851,"MIMARKS.survey,MIGS/MIMS/MIMARKS.soil",20460778,SAURASHTRA UNIVERSITY,2017-07-02,public,"fastq,sra,run.zq","gs,s3,ncbi","ncbi.public,gs.us-east1,s3.us-east-1",SRX9205504,India,Asia,"India: farm near Ranakandorana\, Gujarat",Illumina MiSeq,21.618669 N 69.865737 E,B23,PAIRED,PCR,METAGENOMIC,soil metagenome,ILLUMINA,2021-09-28T00:00:00Z,2020-09-28T16:04:00Z,1,B23,SRP285612,terrestrial biome,agricultural field,agricultural soil,9.03,,row crops,Groundnut/peanut,15 cm,not applicable,,,
SRR12732125,AMPLICON,501,37890958,PRJNA665712,SAMN16268913,"MIMARKS.survey,MIGS/MIMS/MIMARKS.plant-associated",21016988,SAURASHTRA UNIVERSITY,2017-08-06,public,"fastq,sra,run.zq","s3,gs,ncbi","gs.us-east1,ncbi.public,s3.us-east-1",SRX9205503,India,Asia,"India: farm near Ranakandorana\, Gujarat",Illumina MiSeq,21.618669 N 69.865737 E,R45,PAIRED,PCR,METAGENOMIC,rhizosphere metagenome,ILLUMINA,2021-09-28T00:00:00Z,2020-09-28T16:03:00Z,1,R45,SRP285612,terrestrial biome,agricultural field,agricultural soil,8.36,Arachis hypogaea,,,,,,,
SRR12732126,AMPLICON,501,57001948,PRJNA665712,SAMN16268912,"MIMARKS.survey,MIGS/MIMS/MIMARKS.plant-associated",30757178,SAURASHTRA UNIVERSITY,2017-08-06,public,"fastq,sra,run.zq","ncbi,gs,s3","gs.us-east1,ncbi.public,s3.us-east-1",SRX9205502,India,Asia,"India: farm near Ranakandorana\, Gujarat",Illumina MiSeq,21.618669 N 69.865737 E,R44,PAIRED,PCR,METAGENOMIC,rhizosphere metagenome,ILLUMINA,2021-09-28T00:00:00Z,2020-09-28T16:03:00Z,1,R44,SRP285612,terrestrial biome,agricultural field,agricultural soil,8.22,Arachis hypogaea,,,,,,,
SRR12732127,AMPLICON,500,44765363,PRJNA665712,SAMN16268911,"MIMARKS.survey,MIGS/MIMS/MIMARKS.plant-associated",23843528,SAURASHTRA UNIVERSITY,2017-08-06,public,"run.zq,fastq,sra","s3,gs,ncbi","gs.us-east1,ncbi.public,s3.us-east-1",SRX9205501,India,Asia,"India: farm near Ranakandorana\, Gujarat",Illumina MiSeq,21.618669 N 69.865737 E,R43,PAIRED,PCR,METAGENOMIC,rhizosphere metagenome,ILLUMINA,2021-09-28T00:00:00Z,2020-09-28T16:03:00Z,1,R43,SRP285612,terrestrial biome,agricultural field,agricultural soil,8.4,Arachis hypogaea,,,,,,,
SRR12732128,AMPLICON,500,60671445,PRJNA665712,SAMN16268910,"MIMARKS.survey,MIGS/MIMS/MIMARKS.plant-associated",32812469,SAURASHTRA UNIVERSITY,2017-08-06,public,"fastq,sra,run.zq","ncbi,gs,s3","ncbi.public,s3.us-east-1,gs.us-east1",SRX9205500,India,Asia,"India: farm near Ranakandorana\, Gujarat",Illumina MiSeq,21.618669 N 69.865737 E,R42,PAIRED,PCR,METAGENOMIC,rhizosphere metagenome,ILLUMINA,2021-09-28T00:00:00Z,2020-09-28T16:03:00Z,1,R42,SRP285612,terrestrial biome,agricultural field,agricultural soil,8.35,Arachis hypogaea,,,,,,,
SRR12732129,AMPLICON,500,48926597,PRJNA665712,SAMN16268909,"MIMARKS.survey,MIGS/MIMS/MIMARKS.plant-associated",25770805,SAURASHTRA UNIVERSITY,2017-08-06,public,"fastq,run.zq,sra","gs,s3,ncbi","s3.us-east-1,gs.us-east1,ncbi.public",SRX9205499,India,Asia,"India: farm near Ranakandorana\, Gujarat",Illumina MiSeq,21.618669 N 69.865737 E,R41,PAIRED,PCR,METAGENOMIC,rhizosphere metagenome,ILLUMINA,2021-09-28T00:00:00Z,2020-09-28T16:03:00Z,1,R41,SRP285612,terrestrial biome,agricultural field,agricultural soil,8.34,Arachis hypogaea,,,,,,,
SRR12732130,AMPLICON,501,30372423,PRJNA665712,SAMN16268908,"MIMARKS.survey,MIGS/MIMS/MIMARKS.plant-associated",16238779,SAURASHTRA UNIVERSITY,2017-07-24,public,"sra,run.zq,fastq","gs,s3,ncbi","gs.us-east1,ncbi.public,s3.us-east-1",SRX9205498,India,Asia,"India: farm near Ranakandorana\, Gujarat",Illumina MiSeq,21.618669 N 69.865737 E,R35,PAIRED,PCR,METAGENOMIC,rhizosphere metagenome,ILLUMINA,2021-09-28T00:00:00Z,2020-09-28T16:04:00Z,1,R35,SRP285612,terrestrial biome,agricultural field,agricultural soil,8.82,Arachis hypogaea,,,,,,,
SRR12732131,AMPLICON,501,9533707,PRJNA665712,SAMN16268907,"MIMARKS.survey,MIGS/MIMS/MIMARKS.plant-associated",5110192,SAURASHTRA UNIVERSITY,2017-07-24,public,"sra,run.zq,fastq","s3,ncbi,gs","gs.us-east1,s3.us-east-1,ncbi.public",SRX9205497,India,Asia,"India: farm near Ranakandorana\, Gujarat",Illumina MiSeq,21.618669 N 69.865737 E,R34,PAIRED,PCR,METAGENOMIC,rhizosphere metagenome,ILLUMINA,2021-09-28T00:00:00Z,2020-09-28T16:03:00Z,1,R34,SRP285612,terrestrial biome,agricultural field,agricultural soil,8.64,Arachis hypogaea,,,,,,,
SRR12732132,AMPLICON,501,32686268,PRJNA665712,SAMN16268906,"MIMARKS.survey,MIGS/MIMS/MIMARKS.plant-associated",17417146,SAURASHTRA UNIVERSITY,2017-07-24,public,"sra,run.zq,fastq","gs,s3,ncbi","ncbi.public,gs.us-east1,s3.us-east-1",SRX9205496,India,Asia,"India: farm near Ranakandorana\, Gujarat",Illumina MiSeq,21.618669 N 69.865737 E,R33,PAIRED,PCR,METAGENOMIC,rhizosphere metagenome,ILLUMINA,2021-09-28T00:00:00Z,2020-09-28T16:04:00Z,1,R33,SRP285612,terrestrial biome,agricultural field,agricultural soil,8.66,Arachis hypogaea,,,,,,,
SRR12732133,AMPLICON,501,13607885,PRJNA665712,SAMN16268905,"MIMARKS.survey,MIGS/MIMS/MIMARKS.plant-associated",7460879,SAURASHTRA UNIVERSITY,2017-07-24,public,"run.zq,fastq,sra","s3,gs,ncbi","gs.us-east1,ncbi.public,s3.us-east-1",SRX9205495,India,Asia,"India: farm near Ranakandorana\, Gujarat",Illumina MiSeq,21.618669 N 69.865737 E,R32,PAIRED,PCR,METAGENOMIC,rhizosphere metagenome,ILLUMINA,2021-09-28T00:00:00Z,2020-09-28T16:03:00Z,1,R32,SRP285612,terrestrial biome,agricultural field,agricultural soil,8.88,Arachis hypogaea,,,,,,,
SRR12732134,AMPLICON,501,38485548,PRJNA665712,SAMN16268904,"MIMARKS.survey,MIGS/MIMS/MIMARKS.plant-associated",20503505,SAURASHTRA UNIVERSITY,2017-07-24,public,"run.zq,fastq,sra","gs,ncbi,s3","s3.us-east-1,gs.us-east1,ncbi.public",SRX9205494,India,Asia,"India: farm near Ranakandorana\, Gujarat",Illumina MiSeq,21.618669 N 69.865737 E,R31,PAIRED,PCR,METAGENOMIC,rhizosphere metagenome,ILLUMINA,2021-09-28T00:00:00Z,2020-09-28T16:04:00Z,1,R31,SRP285612,terrestrial biome,agricultural field,agricultural soil,8.62,Arachis hypogaea,,,,,,,
SRR12732135,AMPLICON,501,52469656,PRJNA665712,SAMN16268850,"MIMARKS.survey,MIGS/MIMS/MIMARKS.soil",28526030,SAURASHTRA UNIVERSITY,2017-07-02,public,"run.zq,sra,fastq","ncbi,s3,gs","gs.us-east1,s3.us-east-1,ncbi.public",SRX9205493,India,Asia,"India: farm near Ranakandorana\, Gujarat",Illumina MiSeq,21.618669 N 69.865737 E,B22,PAIRED,PCR,METAGENOMIC,soil metagenome,ILLUMINA,2021-09-28T00:00:00Z,2020-09-28T16:04:00Z,1,B22,SRP285612,terrestrial biome,agricultural field,agricultural soil,8.96,,row crops,Groundnut/peanut,15 cm,not applicable,,,
SRR12732136,AMPLICON,501,43941363,PRJNA665712,SAMN16268903,"MIMARKS.survey,MIGS/MIMS/MIMARKS.plant-associated",23459020,SAURASHTRA UNIVERSITY,2017-07-02,public,"fastq,run.zq,sra","gs,ncbi,s3","gs.us-east1,s3.us-east-1,ncbi.public",SRX9205492,India,Asia,"India: farm near Ranakandorana\, Gujarat",Illumina MiSeq,21.618669 N 69.865737 E,R25,PAIRED,PCR,METAGENOMIC,rhizosphere metagenome,ILLUMINA,2021-09-28T00:00:00Z,2020-09-28T16:04:00Z,1,R25,SRP285612,terrestrial biome,agricultural field,agricultural soil,9,Arachis hypogaea,,,,,,,
SRR12732137,AMPLICON,501,56764808,PRJNA665712,SAMN16268902,"MIMARKS.survey,MIGS/MIMS/MIMARKS.plant-associated",31020918,SAURASHTRA UNIVERSITY,2017-07-02,public,"sra,fastq,run.zq","s3,ncbi,gs","gs.us-east1,s3.us-east-1,ncbi.public",SRX9205491,India,Asia,"India: farm near Ranakandorana\, Gujarat",Illumina MiSeq,21.618669 N 69.865737 E,R24,PAIRED,PCR,METAGENOMIC,rhizosphere metagenome,ILLUMINA,2021-09-28T00:00:00Z,2020-09-28T16:04:00Z,1,R24,SRP285612,terrestrial biome,agricultural field,agricultural soil,9.04,Arachis hypogaea,,,,,,,
SRR12732138,AMPLICON,501,13587346,PRJNA665712,SAMN16268901,"MIMARKS.survey,MIGS/MIMS/MIMARKS.plant-associated",7349461,SAURASHTRA UNIVERSITY,2017-07-02,public,"fastq,sra,run.zq","gs,ncbi,s3","ncbi.public,gs.us-east1,s3.us-east-1",SRX9205490,India,Asia,"India: farm near Ranakandorana\, Gujarat",Illumina MiSeq,21.618669 N 69.865737 E,R23,PAIRED,PCR,METAGENOMIC,rhizosphere metagenome,ILLUMINA,2021-09-28T00:00:00Z,2020-09-28T16:04:00Z,1,R23,SRP285612,terrestrial biome,agricultural field,agricultural soil,9.06,Arachis hypogaea,,,,,,,
SRR12732139,AMPLICON,501,36411336,PRJNA665712,SAMN16268900,"MIMARKS.survey,MIGS/MIMS/MIMARKS.plant-associated",19607426,SAURASHTRA UNIVERSITY,2017-07-02,public,"run.zq,fastq,sra","gs,ncbi,s3","gs.us-east1,ncbi.public,s3.us-east-1",SRX9205489,India,Asia,"India: farm near Ranakandorana\, Gujarat",Illumina MiSeq,21.618669 N 69.865737 E,R22,PAIRED,PCR,METAGENOMIC,rhizosphere metagenome,ILLUMINA,2021-09-28T00:00:00Z,2020-09-28T16:03:00Z,1,R22,SRP285612,terrestrial biome,agricultural field,agricultural soil,9.07,Arachis hypogaea,,,,,,,
SRR12732140,AMPLICON,501,42592825,PRJNA665712,SAMN16268899,"MIMARKS.survey,MIGS/MIMS/MIMARKS.plant-associated",23068662,SAURASHTRA UNIVERSITY,2017-07-02,public,"sra,fastq,run.zq","gs,s3,ncbi","gs.us-east1,s3.us-east-1,ncbi.public",SRX9205488,India,Asia,"India: farm near Ranakandorana\, Gujarat",Illumina MiSeq,21.618669 N 69.865737 E,R21,PAIRED,PCR,METAGENOMIC,rhizosphere metagenome,ILLUMINA,2021-09-28T00:00:00Z,2020-09-28T16:04:00Z,1,R21,SRP285612,terrestrial biome,agricultural field,agricultural soil,9.02,Arachis hypogaea,,,,,,,
SRR12732141,AMPLICON,500,52153417,PRJNA665712,SAMN16268898,"MIMARKS.survey,MIGS/MIMS/MIMARKS.plant-associated",27655902,SAURASHTRA UNIVERSITY,2017-05-21,public,"fastq,run.zq,sra","ncbi,gs,s3","gs.us-east1,ncbi.public,s3.us-east-1",SRX9205487,India,Asia,"India: farm near Ranakandorana\, Gujarat",Illumina MiSeq,21.618669 N 69.865737 E,R15,PAIRED,PCR,METAGENOMIC,rhizosphere metagenome,ILLUMINA,2021-09-28T00:00:00Z,2020-09-28T16:04:00Z,1,R15,SRP285612,terrestrial biome,agricultural field,agricultural soil,8.12,Arachis hypogaea,,,,,,,
SRR12732142,AMPLICON,501,19287446,PRJNA665712,SAMN16268897,"MIMARKS.survey,MIGS/MIMS/MIMARKS.plant-associated",10418113,SAURASHTRA UNIVERSITY,2017-05-21,public,"fastq,run.zq,sra","s3,gs,ncbi","s3.us-east-1,ncbi.public,gs.us-east1",SRX9205486,India,Asia,"India: farm near Ranakandorana\, Gujarat",Illumina MiSeq,21.618669 N 69.865737 E,R14,PAIRED,PCR,METAGENOMIC,rhizosphere metagenome,ILLUMINA,2021-09-28T00:00:00Z,2020-09-28T16:04:00Z,1,R14,SRP285612,terrestrial biome,agricultural field,agricultural soil,7.81,Arachis hypogaea,,,,,,,
SRR12732143,AMPLICON,501,35465658,PRJNA665712,SAMN16268896,"MIMARKS.survey,MIGS/MIMS/MIMARKS.plant-associated",18763685,SAURASHTRA UNIVERSITY,2017-05-21,public,"run.zq,sra,fastq","s3,ncbi,gs","gs.us-east1,s3.us-east-1,ncbi.public",SRX9205485,India,Asia,"India: farm near Ranakandorana\, Gujarat",Illumina MiSeq,21.618669 N 69.865737 E,R13,PAIRED,PCR,METAGENOMIC,rhizosphere metagenome,ILLUMINA,2021-09-28T00:00:00Z,2020-09-28T16:04:00Z,1,R13,SRP285612,terrestrial biome,agricultural field,agricultural soil,8,Arachis hypogaea,,,,,,,
SRR12732144,AMPLICON,501,38923653,PRJNA665712,SAMN16268895,"MIMARKS.survey,MIGS/MIMS/MIMARKS.plant-associated",20783673,SAURASHTRA UNIVERSITY,2017-05-21,public,"fastq,sra,run.zq","ncbi,s3,gs","gs.us-east1,ncbi.public,s3.us-east-1",SRX9205484,India,Asia,"India: farm near Ranakandorana\, Gujarat",Illumina MiSeq,21.618669 N 69.865737 E,R12,PAIRED,PCR,METAGENOMIC,rhizosphere metagenome,ILLUMINA,2021-09-28T00:00:00Z,2020-09-28T16:03:00Z,1,R12,SRP285612,terrestrial biome,agricultural field,agricultural soil,8.05,Arachis hypogaea,,,,,,,
SRR12732145,AMPLICON,501,43207414,PRJNA665712,SAMN16268894,"MIMARKS.survey,MIGS/MIMS/MIMARKS.plant-associated",22993219,SAURASHTRA UNIVERSITY,2017-05-21,public,"fastq,sra,run.zq","s3,gs,ncbi","gs.us-east1,ncbi.public,s3.us-east-1",SRX9205483,India,Asia,"India: farm near Ranakandorana\, Gujarat",Illumina MiSeq,21.618669 N 69.865737 E,R11,PAIRED,PCR,METAGENOMIC,rhizosphere metagenome,ILLUMINA,2021-09-28T00:00:00Z,2020-09-28T16:04:00Z,1,R11,SRP285612,terrestrial biome,agricultural field,agricultural soil,7.7,Arachis hypogaea,,,,,,,
SRR12732146,AMPLICON,501,33741416,PRJNA665712,SAMN16268849,"MIMARKS.survey,MIGS/MIMS/MIMARKS.soil",18256541,SAURASHTRA UNIVERSITY,2017-07-02,public,"fastq,sra,run.zq","s3,ncbi,gs","ncbi.public,s3.us-east-1,gs.us-east1",SRX9205482,India,Asia,"India: farm near Ranakandorana\, Gujarat",Illumina MiSeq,21.618669 N 69.865737 E,B21,PAIRED,PCR,METAGENOMIC,soil metagenome,ILLUMINA,2021-09-28T00:00:00Z,2020-09-28T16:04:00Z,1,B21,SRP285612,terrestrial biome,agricultural field,agricultural soil,8.37,,row crops,Groundnut/peanut,15 cm,not applicable,,,
SRR12732147,AMPLICON,501,22930192,PRJNA665712,SAMN16268893,"MIMARKS.survey,MIGS/MIMS/MIMARKS.soil",12435372,SAURASHTRA UNIVERSITY,2017-05-07,public,"fastq,run.zq,sra","gs,ncbi,s3","gs.us-east1,ncbi.public,s3.us-east-1",SRX9205481,India,Asia,"India: farm near Ranakandorana\, Gujarat",Illumina MiSeq,21.618669 N 69.865737 E,PS5,PAIRED,PCR,METAGENOMIC,soil metagenome,ILLUMINA,2021-09-28T00:00:00Z,2020-09-28T16:04:00Z,1,PS5,SRP285612,terrestrial biome,agricultural field,agricultural soil,8.45,,row crops,Groundnut/peanut,15 cm,not applicable,,,
SRR12732148,AMPLICON,501,37668847,PRJNA665712,SAMN16268892,"MIMARKS.survey,MIGS/MIMS/MIMARKS.soil",20481357,SAURASHTRA UNIVERSITY,2017-05-07,public,"fastq,sra,run.zq","gs,ncbi,s3","s3.us-east-1,ncbi.public,gs.us-east1",SRX9205480,India,Asia,"India: farm near Ranakandorana\, Gujarat",Illumina MiSeq,21.618669 N 69.865737 E,PS4,PAIRED,PCR,METAGENOMIC,soil metagenome,ILLUMINA,2021-09-28T00:00:00Z,2020-09-28T16:04:00Z,1,PS4,SRP285612,terrestrial biome,agricultural field,agricultural soil,8.35,,row crops,Groundnut/peanut,15 cm,not applicable,,,
SRR12732149,AMPLICON,501,25158411,PRJNA665712,SAMN16268891,"MIMARKS.survey,MIGS/MIMS/MIMARKS.soil",13606443,SAURASHTRA UNIVERSITY,2017-05-07,public,"fastq,run.zq,sra","gs,ncbi,s3","s3.us-east-1,ncbi.public,gs.us-east1",SRX9205479,India,Asia,"India: farm near Ranakandorana\, Gujarat",Illumina MiSeq,21.618669 N 69.865737 E,PS3,PAIRED,PCR,METAGENOMIC,soil metagenome,ILLUMINA,2021-09-28T00:00:00Z,2020-09-28T16:04:00Z,1,PS3,SRP285612,terrestrial biome,agricultural field,agricultural soil,8.5,,row crops,Groundnut/peanut,15 cm,not applicable,,,
SRR12732150,AMPLICON,501,45167207,PRJNA665712,SAMN16268890,"MIMARKS.survey,MIGS/MIMS/MIMARKS.soil",25160291,SAURASHTRA UNIVERSITY,2017-05-07,public,"fastq,sra,run.zq","s3,ncbi,gs","s3.us-east-1,ncbi.public,gs.us-east1",SRX9205478,India,Asia,"India: farm near Ranakandorana\, Gujarat",Illumina MiSeq,21.618669 N 69.865737 E,PS2,PAIRED,PCR,METAGENOMIC,soil metagenome,ILLUMINA,2021-09-28T00:00:00Z,2020-09-28T16:04:00Z,1,PS2,SRP285612,terrestrial biome,agricultural field,agricultural soil,8.76,,row crops,Groundnut/peanut,15 cm,not applicable,,,
SRR12732151,AMPLICON,501,26995084,PRJNA665712,SAMN16268889,"MIMARKS.survey,MIGS/MIMS/MIMARKS.soil",14602248,SAURASHTRA UNIVERSITY,2017-05-07,public,"fastq,run.zq,sra","s3,gs,ncbi","gs.us-east1,s3.us-east-1,ncbi.public",SRX9205477,India,Asia,"India: farm near Ranakandorana\, Gujarat",Illumina MiSeq,21.618669 N 69.865737 E,PS1,PAIRED,PCR,METAGENOMIC,soil metagenome,ILLUMINA,2021-09-28T00:00:00Z,2020-09-28T16:04:00Z,1,PS1,SRP285612,terrestrial biome,agricultural field,agricultural soil,8.39,,row crops,Groundnut/peanut,15 cm,not applicable,,,
SRR12732152,AMPLICON,501,29325493,PRJNA665712,SAMN16268888,"MIMARKS.survey,MIGS/MIMS/MIMARKS.soil",15644282,SAURASHTRA UNIVERSITY,2017-10-18,public,"sra,run.zq,fastq","s3,ncbi,gs","gs.us-east1,s3.us-east-1,ncbi.public",SRX9205476,India,Asia,"India: farm near Ranakandorana\, Gujarat",Illumina MiSeq,21.618669 N 69.865737 E,PH5,PAIRED,PCR,METAGENOMIC,soil metagenome,ILLUMINA,2021-09-28T00:00:00Z,2020-09-28T16:04:00Z,1,PH5,SRP285612,terrestrial biome,agricultural field,agricultural soil,9.15,,row crops,Groundnut/peanut,15 cm,not applicable,,,
SRR12732153,AMPLICON,501,56054376,PRJNA665712,SAMN16268887,"MIMARKS.survey,MIGS/MIMS/MIMARKS.soil",30435053,SAURASHTRA UNIVERSITY,2017-10-18,public,"fastq,sra,run.zq","gs,ncbi,s3","ncbi.public,gs.us-east1,s3.us-east-1",SRX9205475,India,Asia,"India: farm near Ranakandorana\, Gujarat",Illumina MiSeq,21.618669 N 69.865737 E,PH4,PAIRED,PCR,METAGENOMIC,soil metagenome,ILLUMINA,2021-09-28T00:00:00Z,2020-09-28T16:04:00Z,1,PH4,SRP285612,terrestrial biome,agricultural field,agricultural soil,8.95,,row crops,Groundnut/peanut,15 cm,not applicable,,,
SRR12732154,AMPLICON,501,19075059,PRJNA665712,SAMN16268886,"MIMARKS.survey,MIGS/MIMS/MIMARKS.soil",10377885,SAURASHTRA UNIVERSITY,2017-10-18,public,"fastq,run.zq,sra","gs,ncbi,s3","ncbi.public,s3.us-east-1,gs.us-east1",SRX9205474,India,Asia,"India: farm near Ranakandorana\, Gujarat",Illumina MiSeq,21.618669 N 69.865737 E,PH3,PAIRED,PCR,METAGENOMIC,soil metagenome,ILLUMINA,2021-09-28T00:00:00Z,2020-09-28T16:04:00Z,1,PH3,SRP285612,terrestrial biome,agricultural field,agricultural soil,8.96,,row crops,Groundnut/peanut,15 cm,not applicable,,,
SRR12732155,AMPLICON,501,15476367,PRJNA665712,SAMN16268885,"MIMARKS.survey,MIGS/MIMS/MIMARKS.soil",8401323,SAURASHTRA UNIVERSITY,2017-10-18,public,"fastq,run.zq,sra","ncbi,s3,gs","s3.us-east-1,ncbi.public,gs.us-east1",SRX9205473,India,Asia,"India: farm near Ranakandorana\, Gujarat",Illumina MiSeq,21.618669 N 69.865737 E,PH2,PAIRED,PCR,METAGENOMIC,soil metagenome,ILLUMINA,2021-09-28T00:00:00Z,2020-09-28T16:04:00Z,1,PH2,SRP285612,terrestrial biome,agricultural field,agricultural soil,8.88,,row crops,Groundnut/peanut,15 cm,not applicable,,,
SRR12732156,AMPLICON,501,23394535,PRJNA665712,SAMN16268884,"MIMARKS.survey,MIGS/MIMS/MIMARKS.soil",12697967,SAURASHTRA UNIVERSITY,2017-10-18,public,"run.zq,fastq,sra","ncbi,s3,gs","gs.us-east1,s3.us-east-1,ncbi.public",SRX9205472,India,Asia,"India: farm near Ranakandorana\, Gujarat",Illumina MiSeq,21.618669 N 69.865737 E,PH1,PAIRED,PCR,METAGENOMIC,soil metagenome,ILLUMINA,2021-09-28T00:00:00Z,2020-09-28T16:04:00Z,1,PH1,SRP285612,terrestrial biome,agricultural field,agricultural soil,8.81,,row crops,Groundnut/peanut,15 cm,not applicable,,,
SRR12732157,AMPLICON,501,28744776,PRJNA665712,SAMN16268848,"MIMARKS.survey,MIGS/MIMS/MIMARKS.soil",15536042,SAURASHTRA UNIVERSITY,2017-05-21,public,"run.zq,sra,fastq","s3,ncbi,gs","gs.us-east1,ncbi.public,s3.us-east-1",SRX9205471,India,Asia,"India: farm near Ranakandorana\, Gujarat",Illumina MiSeq,21.618669 N 69.865737 E,B15,PAIRED,PCR,METAGENOMIC,soil metagenome,ILLUMINA,2021-09-28T00:00:00Z,2020-09-28T16:04:00Z,1,B15,SRP285612,terrestrial biome,agricultural field,agricultural soil,8.32,,row crops,Groundnut/peanut,15 cm,not applicable,,,
SRR12732158,AMPLICON,501,24492536,PRJNA665712,SAMN16268883,"MIMARKS.survey,MIGS/MIMS/MIMARKS.soil",13282305,SAURASHTRA UNIVERSITY,2017-10-08,public,"fastq,run.zq,sra","s3,gs,ncbi","s3.us-east-1,gs.us-east1,ncbi.public",SRX9205470,India,Asia,"India: farm near Ranakandorana\, Gujarat",Illumina MiSeq,21.618669 N 69.865737 E,B85,PAIRED,PCR,METAGENOMIC,soil metagenome,ILLUMINA,2021-09-28T00:00:00Z,2020-09-28T16:04:00Z,1,B85,SRP285612,terrestrial biome,agricultural field,agricultural soil,8.92,,row crops,Groundnut/peanut,15 cm,not applicable,,,
SRR12732159,AMPLICON,501,17595000,PRJNA665712,SAMN16268882,"MIMARKS.survey,MIGS/MIMS/MIMARKS.soil",9836528,SAURASHTRA UNIVERSITY,2017-10-08,public,"fastq,sra,run.zq","s3,ncbi,gs","gs.us-east1,s3.us-east-1,ncbi.public",SRX9205469,India,Asia,"India: farm near Ranakandorana\, Gujarat",Illumina MiSeq,21.618669 N 69.865737 E,B84,PAIRED,PCR,METAGENOMIC,soil metagenome,ILLUMINA,2021-09-28T00:00:00Z,2020-09-28T16:04:00Z,1,B84,SRP285612,terrestrial biome,agricultural field,agricultural soil,8.91,,row crops,Groundnut/peanut,15 cm,not applicable,,,
SRR12732160,AMPLICON,501,16213263,PRJNA665712,SAMN16268881,"MIMARKS.survey,MIGS/MIMS/MIMARKS.soil",8805496,SAURASHTRA UNIVERSITY,2017-10-08,public,"run.zq,fastq,sra","gs,s3,ncbi","s3.us-east-1,gs.us-east1,ncbi.public",SRX9205468,India,Asia,"India: farm near Ranakandorana\, Gujarat",Illumina MiSeq,21.618669 N 69.865737 E,B83,PAIRED,PCR,METAGENOMIC,soil metagenome,ILLUMINA,2021-09-28T00:00:00Z,2020-09-28T16:04:00Z,1,B83,SRP285612,terrestrial biome,agricultural field,agricultural soil,8.86,,row crops,Groundnut/peanut,15 cm,not applicable,,,
SRR12732161,AMPLICON,501,29438663,PRJNA665712,SAMN16268880,"MIMARKS.survey,MIGS/MIMS/MIMARKS.soil",15976628,SAURASHTRA UNIVERSITY,2017-10-08,public,"sra,run.zq,fastq","ncbi,s3,gs","s3.us-east-1,gs.us-east1,ncbi.public",SRX9205467,India,Asia,"India: farm near Ranakandorana\, Gujarat",Illumina MiSeq,21.618669 N 69.865737 E,B82,PAIRED,PCR,METAGENOMIC,soil metagenome,ILLUMINA,2021-09-28T00:00:00Z,2020-09-28T16:04:00Z,1,B82,SRP285612,terrestrial biome,agricultural field,agricultural soil,8.95,,row crops,Groundnut/peanut,15 cm,not applicable,,,
SRR12732162,AMPLICON,501,63604136,PRJNA665712,SAMN16268879,"MIMARKS.survey,MIGS/MIMS/MIMARKS.soil",34757091,SAURASHTRA UNIVERSITY,2017-10-08,public,"fastq,sra,run.zq","gs,s3,ncbi","ncbi.public,gs.us-east1,s3.us-east-1",SRX9205466,India,Asia,"India: farm near Ranakandorana\, Gujarat",Illumina MiSeq,21.618669 N 69.865737 E,B81,PAIRED,PCR,METAGENOMIC,soil metagenome,ILLUMINA,2021-09-28T00:00:00Z,2020-09-28T16:04:00Z,1,B81,SRP285612,terrestrial biome,agricultural field,agricultural soil,8.96,,row crops,Groundnut/peanut,15 cm,not applicable,,,
SRR12732163,AMPLICON,501,20085982,PRJNA665712,SAMN16268878,"MIMARKS.survey,MIGS/MIMS/MIMARKS.soil",11032255,SAURASHTRA UNIVERSITY,2017-09-20,public,"sra,fastq,run.zq","s3,ncbi,gs","ncbi.public,s3.us-east-1,gs.us-east1",SRX9205465,India,Asia,"India: farm near Ranakandorana\, Gujarat",Illumina MiSeq,21.618669 N 69.865737 E,B75,PAIRED,PCR,METAGENOMIC,soil metagenome,ILLUMINA,2021-09-28T00:00:00Z,2020-09-28T16:04:00Z,1,B75,SRP285612,terrestrial biome,agricultural field,agricultural soil,9.01,,row crops,Groundnut/peanut,15 cm,not applicable,,,
SRR12732164,AMPLICON,501,34192757,PRJNA665712,SAMN16268877,"MIMARKS.survey,MIGS/MIMS/MIMARKS.soil",19323870,SAURASHTRA UNIVERSITY,2017-09-20,public,"run.zq,sra,fastq","gs,ncbi,s3","gs.us-east1,ncbi.public,s3.us-east-1",SRX9205464,India,Asia,"India: farm near Ranakandorana\, Gujarat",Illumina MiSeq,21.618669 N 69.865737 E,B74,PAIRED,PCR,METAGENOMIC,soil metagenome,ILLUMINA,2021-09-28T00:00:00Z,2020-09-28T16:04:00Z,1,B74,SRP285612,terrestrial biome,agricultural field,agricultural soil,8.98,,row crops,Groundnut/peanut,15 cm,not applicable,,,
SRR12732165,AMPLICON,501,44292450,PRJNA665712,SAMN16268876,"MIMARKS.survey,MIGS/MIMS/MIMARKS.soil",24411833,SAURASHTRA UNIVERSITY,2017-09-20,public,"fastq,run.zq,sra","s3,gs,ncbi","ncbi.public,gs.us-east1,s3.us-east-1",SRX9205463,India,Asia,"India: farm near Ranakandorana\, Gujarat",Illumina MiSeq,21.618669 N 69.865737 E,B73,PAIRED,PCR,METAGENOMIC,soil metagenome,ILLUMINA,2021-09-28T00:00:00Z,2020-09-28T16:04:00Z,1,B73,SRP285612,terrestrial biome,agricultural field,agricultural soil,8.99,,row crops,Groundnut/peanut,15 cm,not applicable,,,
SRR12732166,AMPLICON,501,47036645,PRJNA665712,SAMN16268875,"MIMARKS.survey,MIGS/MIMS/MIMARKS.soil",25790636,SAURASHTRA UNIVERSITY,2017-09-20,public,"run.zq,sra,fastq","ncbi,s3,gs","ncbi.public,gs.us-east1,s3.us-east-1",SRX9205462,India,Asia,"India: farm near Ranakandorana\, Gujarat",Illumina MiSeq,21.618669 N 69.865737 E,B72,PAIRED,PCR,METAGENOMIC,soil metagenome,ILLUMINA,2021-09-28T00:00:00Z,2020-09-28T16:04:00Z,1,B72,SRP285612,terrestrial biome,agricultural field,agricultural soil,8.8,,row crops,Groundnut/peanut,15 cm,not applicable,,,
SRR12732167,AMPLICON,501,59403758,PRJNA665712,SAMN16268874,"MIMARKS.survey,MIGS/MIMS/MIMARKS.soil",32912550,SAURASHTRA UNIVERSITY,2017-09-20,public,"sra,run.zq,fastq","ncbi,gs,s3","gs.us-east1,ncbi.public,s3.us-east-1",SRX9205461,India,Asia,"India: farm near Ranakandorana\, Gujarat",Illumina MiSeq,21.618669 N 69.865737 E,B71,PAIRED,PCR,METAGENOMIC,soil metagenome,ILLUMINA,2021-09-28T00:00:00Z,2020-09-28T16:04:00Z,1,B71,SRP285612,terrestrial biome,agricultural field,agricultural soil,8.7,,row crops,Groundnut/peanut,15 cm,not applicable,,,
SRR12732168,AMPLICON,501,46887599,PRJNA665712,SAMN16268847,"MIMARKS.survey,MIGS/MIMS/MIMARKS.soil",26067292,SAURASHTRA UNIVERSITY,2017-05-21,public,"run.zq,sra,fastq","gs,ncbi,s3","gs.us-east1,ncbi.public,s3.us-east-1",SRX9205460,India,Asia,"India: farm near Ranakandorana\, Gujarat",Illumina MiSeq,21.618669 N 69.865737 E,B14,PAIRED,PCR,METAGENOMIC,soil metagenome,ILLUMINA,2021-09-28T00:00:00Z,2020-09-28T16:04:00Z,1,B14,SRP285612,terrestrial biome,agricultural field,agricultural soil,8.48,,row crops,Groundnut/peanut,15 cm,not applicable,,,
SRR12732169,AMPLICON,501,13456479,PRJNA665712,SAMN16268873,"MIMARKS.survey,MIGS/MIMS/MIMARKS.soil",7317213,SAURASHTRA UNIVERSITY,2017-09-03,public,"run.zq,fastq,sra","gs,ncbi,s3","ncbi.public,s3.us-east-1,gs.us-east1",SRX9205459,India,Asia,"India: farm near Ranakandorana\, Gujarat",Illumina MiSeq,21.618669 N 69.865737 E,B65,PAIRED,PCR,METAGENOMIC,soil metagenome,ILLUMINA,2021-09-28T00:00:00Z,2020-09-28T16:04:00Z,1,B65,SRP285612,terrestrial biome,agricultural field,agricultural soil,8.59,,row crops,Groundnut/peanut,15 cm,not applicable,,,
SRR12732170,AMPLICON,501,18380477,PRJNA665712,SAMN16268872,"MIMARKS.survey,MIGS/MIMS/MIMARKS.soil",9922063,SAURASHTRA UNIVERSITY,2017-09-03,public,"sra,fastq,run.zq","gs,s3,ncbi","s3.us-east-1,gs.us-east1,ncbi.public",SRX9205458,India,Asia,"India: farm near Ranakandorana\, Gujarat",Illumina MiSeq,21.618669 N 69.865737 E,B64,PAIRED,PCR,METAGENOMIC,soil metagenome,ILLUMINA,2021-09-28T00:00:00Z,2020-09-28T16:04:00Z,1,B64,SRP285612,terrestrial biome,agricultural field,agricultural soil,8.87,,row crops,Groundnut/peanut,15 cm,not applicable,,,
SRR12732171,AMPLICON,501,24000262,PRJNA665712,SAMN16268871,"MIMARKS.survey,MIGS/MIMS/MIMARKS.soil",12932905,SAURASHTRA UNIVERSITY,2017-09-03,public,"sra,fastq,run.zq","ncbi,gs,s3","s3.us-east-1,ncbi.public,gs.us-east1",SRX9205457,India,Asia,"India: farm near Ranakandorana\, Gujarat",Illumina MiSeq,21.618669 N 69.865737 E,B63,PAIRED,PCR,METAGENOMIC,soil metagenome,ILLUMINA,2021-09-28T00:00:00Z,2020-09-28T16:04:00Z,1,B63,SRP285612,terrestrial biome,agricultural field,agricultural soil,8.79,,row crops,Groundnut/peanut,15 cm,not applicable,,,
SRR12732172,AMPLICON,501,26866657,PRJNA665712,SAMN16268870,"MIMARKS.survey,MIGS/MIMS/MIMARKS.soil",14483346,SAURASHTRA UNIVERSITY,2017-09-03,public,"fastq,sra,run.zq","gs,s3,ncbi","s3.us-east-1,gs.us-east1,ncbi.public",SRX9205456,India,Asia,"India: farm near Ranakandorana\, Gujarat",Illumina MiSeq,21.618669 N 69.865737 E,B62,PAIRED,PCR,METAGENOMIC,soil metagenome,ILLUMINA,2021-09-28T00:00:00Z,2020-09-28T16:04:00Z,1,B62,SRP285612,terrestrial biome,agricultural field,agricultural soil,8.75,,row crops,Groundnut/peanut,15 cm,not applicable,,,
SRR12732173,AMPLICON,501,19926091,PRJNA665712,SAMN16268869,"MIMARKS.survey,MIGS/MIMS/MIMARKS.soil",11224738,SAURASHTRA UNIVERSITY,2017-09-03,public,"fastq,run.zq,sra","s3,gs,ncbi","s3.us-east-1,gs.us-east1,ncbi.public",SRX9205455,India,Asia,"India: farm near Ranakandorana\, Gujarat",Illumina MiSeq,21.618669 N 69.865737 E,B61,PAIRED,PCR,METAGENOMIC,soil metagenome,ILLUMINA,2021-09-28T00:00:00Z,2020-09-28T16:04:00Z,1,B61,SRP285612,terrestrial biome,agricultural field,agricultural soil,8.88,,row crops,Groundnut/peanut,15 cm,not applicable,,,
SRR12732174,AMPLICON,501,41966130,PRJNA665712,SAMN16268868,"MIMARKS.survey,MIGS/MIMS/MIMARKS.soil",22785174,SAURASHTRA UNIVERSITY,2017-08-20,public,"sra,fastq,run.zq","gs,s3,ncbi","gs.us-east1,ncbi.public,s3.us-east-1",SRX9205454,India,Asia,"India: farm near Ranakandorana\, Gujarat",Illumina MiSeq,21.618669 N 69.865737 E,B55,PAIRED,PCR,METAGENOMIC,soil metagenome,ILLUMINA,2021-09-28T00:00:00Z,2020-09-28T16:04:00Z,1,B55,SRP285612,terrestrial biome,agricultural field,agricultural soil,8.69,,row crops,Groundnut/peanut,15 cm,not applicable,,,
SRR12732175,AMPLICON,501,44248100,PRJNA665712,SAMN16268867,"MIMARKS.survey,MIGS/MIMS/MIMARKS.soil",23843580,SAURASHTRA UNIVERSITY,2017-08-20,public,"run.zq,sra,fastq","ncbi,s3,gs","ncbi.public,gs.us-east1,s3.us-east-1",SRX9205453,India,Asia,"India: farm near Ranakandorana\, Gujarat",Illumina MiSeq,21.618669 N 69.865737 E,B54,PAIRED,PCR,METAGENOMIC,soil metagenome,ILLUMINA,2021-09-28T00:00:00Z,2020-09-28T16:04:00Z,1,B54,SRP285612,terrestrial biome,agricultural field,agricultural soil,8.65,,row crops,Groundnut/peanut,15 cm,not applicable,,,
SRR12732176,AMPLICON,501,45783165,PRJNA665712,SAMN16268866,"MIMARKS.survey,MIGS/MIMS/MIMARKS.soil",24987018,SAURASHTRA UNIVERSITY,2017-08-20,public,"sra,fastq,run.zq","ncbi,s3,gs","s3.us-east-1,ncbi.public,gs.us-east1",SRX9205452,India,Asia,"India: farm near Ranakandorana\, Gujarat",Illumina MiSeq,21.618669 N 69.865737 E,B53,PAIRED,PCR,METAGENOMIC,soil metagenome,ILLUMINA,2021-09-28T00:00:00Z,2020-09-28T16:04:00Z,1,B53,SRP285612,terrestrial biome,agricultural field,agricultural soil,8.68,,row crops,Groundnut/peanut,15 cm,not applicable,,,
SRR12732177,AMPLICON,501,26177493,PRJNA665712,SAMN16268865,"MIMARKS.survey,MIGS/MIMS/MIMARKS.soil",14185640,SAURASHTRA UNIVERSITY,2017-08-20,public,"sra,fastq,run.zq","ncbi,gs,s3","gs.us-east1,ncbi.public,s3.us-east-1",SRX9205451,India,Asia,"India: farm near Ranakandorana\, Gujarat",Illumina MiSeq,21.618669 N 69.865737 E,B52,PAIRED,PCR,METAGENOMIC,soil metagenome,ILLUMINA,2021-09-28T00:00:00Z,2020-09-28T16:04:00Z,1,B52,SRP285612,terrestrial biome,agricultural field,agricultural soil,8.71,,row crops,Groundnut/peanut,15 cm,not applicable,,,
SRR12732178,AMPLICON,501,21524100,PRJNA665712,SAMN16268864,"MIMARKS.survey,MIGS/MIMS/MIMARKS.soil",11588616,SAURASHTRA UNIVERSITY,2017-08-20,public,"run.zq,fastq,sra","gs,ncbi,s3","s3.us-east-1,ncbi.public,gs.us-east1",SRX9205450,India,Asia,"India: farm near Ranakandorana\, Gujarat",Illumina MiSeq,21.618669 N 69.865737 E,B51,PAIRED,PCR,METAGENOMIC,soil metagenome,ILLUMINA,2021-09-28T00:00:00Z,2020-09-28T16:04:00Z,1,B51,SRP285612,terrestrial biome,agricultural field,agricultural soil,8.7,,row crops,Groundnut/peanut,15 cm,not applicable,,,
SRR12732179,AMPLICON,501,35117109,PRJNA665712,SAMN16268846,"MIMARKS.survey,MIGS/MIMS/MIMARKS.soil",19124947,SAURASHTRA UNIVERSITY,2017-05-21,public,"sra,fastq,run.zq","s3,ncbi,gs","ncbi.public,gs.us-east1,s3.us-east-1",SRX9205449,India,Asia,"India: farm near Ranakandorana\, Gujarat",Illumina MiSeq,21.618669 N 69.865737 E,B13,PAIRED,PCR,METAGENOMIC,soil metagenome,ILLUMINA,2021-09-28T00:00:00Z,2020-09-28T16:04:00Z,1,B13,SRP285612,terrestrial biome,agricultural field,agricultural soil,8.34,,row crops,Groundnut/peanut,15 cm,not applicable,,,
SRR12732180,AMPLICON,501,25267254,PRJNA665712,SAMN16268863,"MIMARKS.survey,MIGS/MIMS/MIMARKS.soil",13744448,SAURASHTRA UNIVERSITY,2017-08-06,public,"fastq,sra,run.zq","gs,ncbi,s3","ncbi.public,s3.us-east-1,gs.us-east1",SRX9205448,India,Asia,"India: farm near Ranakandorana\, Gujarat",Illumina MiSeq,21.618669 N 69.865737 E,B45,PAIRED,PCR,METAGENOMIC,soil metagenome,ILLUMINA,2021-09-28T00:00:00Z,2020-09-28T16:04:00Z,1,B45,SRP285612,terrestrial biome,agricultural field,agricultural soil,8.61,,row crops,Groundnut/peanut,15 cm,not applicable,,,
SRR12732181,AMPLICON,501,27131663,PRJNA665712,SAMN16268862,"MIMARKS.survey,MIGS/MIMS/MIMARKS.soil",14693418,SAURASHTRA UNIVERSITY,2017-08-06,public,"run.zq,fastq,sra","s3,ncbi,gs","gs.us-east1,s3.us-east-1,ncbi.public",SRX9205447,India,Asia,"India: farm near Ranakandorana\, Gujarat",Illumina MiSeq,21.618669 N 69.865737 E,B44,PAIRED,PCR,METAGENOMIC,soil metagenome,ILLUMINA,2021-09-28T00:00:00Z,2020-09-28T16:04:00Z,1,B44,SRP285612,terrestrial biome,agricultural field,agricultural soil,8.62,,row crops,Groundnut/peanut,15 cm,not applicable,,,
SRR12732182,AMPLICON,501,31263949,PRJNA665712,SAMN16268861,"MIMARKS.survey,MIGS/MIMS/MIMARKS.soil",17388071,SAURASHTRA UNIVERSITY,2017-08-06,public,"sra,fastq,run.zq","s3,gs,ncbi","ncbi.public,gs.us-east1,s3.us-east-1",SRX9205446,India,Asia,"India: farm near Ranakandorana\, Gujarat",Illumina MiSeq,21.618669 N 69.865737 E,B43,PAIRED,PCR,METAGENOMIC,soil metagenome,ILLUMINA,2021-09-28T00:00:00Z,2020-09-28T16:04:00Z,1,B43,SRP285612,terrestrial biome,agricultural field,agricultural soil,8.58,,row crops,Groundnut/peanut,15 cm,not applicable,,,
SRR12732183,AMPLICON,501,29042865,PRJNA665712,SAMN16268860,"MIMARKS.survey,MIGS/MIMS/MIMARKS.soil",15734322,SAURASHTRA UNIVERSITY,2017-08-06,public,"run.zq,sra,fastq","gs,s3,ncbi","ncbi.public,s3.us-east-1,gs.us-east1",SRX9205445,India,Asia,"India: farm near Ranakandorana\, Gujarat",Illumina MiSeq,21.618669 N 69.865737 E,B42,PAIRED,PCR,METAGENOMIC,soil metagenome,ILLUMINA,2021-09-28T00:00:00Z,2020-09-28T16:04:00Z,1,B42,SRP285612,terrestrial biome,agricultural field,agricultural soil,8.65,,row crops,Groundnut/peanut,15 cm,not applicable,,,
SRR12732184,AMPLICON,501,46252968,PRJNA665712,SAMN16268859,"MIMARKS.survey,MIGS/MIMS/MIMARKS.soil",25050250,SAURASHTRA UNIVERSITY,2017-08-06,public,"sra,run.zq,fastq","ncbi,gs,s3","ncbi.public,gs.us-east1,s3.us-east-1",SRX9205444,India,Asia,"India: farm near Ranakandorana\, Gujarat",Illumina MiSeq,21.618669 N 69.865737 E,B41,PAIRED,PCR,METAGENOMIC,soil metagenome,ILLUMINA,2021-09-28T00:00:00Z,2020-09-28T16:04:00Z,1,B41,SRP285612,terrestrial biome,agricultural field,agricultural soil,8.7,,row crops,Groundnut/peanut,15 cm,not applicable,,,
SRR12732185,AMPLICON,501,31654362,PRJNA665712,SAMN16268858,"MIMARKS.survey,MIGS/MIMS/MIMARKS.soil",18025384,SAURASHTRA UNIVERSITY,2017-07-24,public,"fastq,sra,run.zq","s3,gs,ncbi","gs.us-east1,ncbi.public,s3.us-east-1",SRX9205443,India,Asia,"India: farm near Ranakandorana\, Gujarat",Illumina MiSeq,21.618669 N 69.865737 E,B35,PAIRED,PCR,METAGENOMIC,soil metagenome,ILLUMINA,2021-09-28T00:00:00Z,2020-09-28T16:04:00Z,1,B35,SRP285612,terrestrial biome,agricultural field,agricultural soil,8.72,,row crops,Groundnut/peanut,15 cm,not applicable,,,
SRR12732186,AMPLICON,501,45581466,PRJNA665712,SAMN16268857,"MIMARKS.survey,MIGS/MIMS/MIMARKS.soil",24951997,SAURASHTRA UNIVERSITY,2017-07-24,public,"run.zq,sra,fastq","gs,ncbi,s3","gs.us-east1,s3.us-east-1,ncbi.public",SRX9205442,India,Asia,"India: farm near Ranakandorana\, Gujarat",Illumina MiSeq,21.618669 N 69.865737 E,B34,PAIRED,PCR,METAGENOMIC,soil metagenome,ILLUMINA,2021-09-28T00:00:00Z,2020-09-28T16:04:00Z,1,B34,SRP285612,terrestrial biome,agricultural field,agricultural soil,8.49,,row crops,Groundnut/peanut,15 cm,not applicable,,,
SRR12732187,AMPLICON,501,23876649,PRJNA665712,SAMN16268856,"MIMARKS.survey,MIGS/MIMS/MIMARKS.soil",12989864,SAURASHTRA UNIVERSITY,2017-07-24,public,"sra,fastq,run.zq","s3,gs,ncbi","s3.us-east-1,ncbi.public,gs.us-east1",SRX9205441,India,Asia,"India: farm near Ranakandorana\, Gujarat",Illumina MiSeq,21.618669 N 69.865737 E,B33,PAIRED,PCR,METAGENOMIC,soil metagenome,ILLUMINA,2021-09-28T00:00:00Z,2020-09-28T16:04:00Z,1,B33,SRP285612,terrestrial biome,agricultural field,agricultural soil,8.5,,row crops,Groundnut/peanut,15 cm,not applicable,,,
SRR12732188,AMPLICON,500,22056025,PRJNA665712,SAMN16268855,"MIMARKS.survey,MIGS/MIMS/MIMARKS.soil",12104721,SAURASHTRA UNIVERSITY,2017-07-24,public,"fastq,run.zq,sra","s3,gs,ncbi","s3.us-east-1,ncbi.public,gs.us-east1",SRX9205440,India,Asia,"India: farm near Ranakandorana\, Gujarat",Illumina MiSeq,21.618669 N 69.865737 E,B32,PAIRED,PCR,METAGENOMIC,soil metagenome,ILLUMINA,2021-09-28T00:00:00Z,2020-09-28T16:04:00Z,1,B32,SRP285612,terrestrial biome,agricultural field,agricultural soil,8.74,,row crops,Groundnut/peanut,15 cm,not applicable,,,
SRR12732189,AMPLICON,501,13193281,PRJNA665712,SAMN16268854,"MIMARKS.survey,MIGS/MIMS/MIMARKS.soil",7180606,SAURASHTRA UNIVERSITY,2017-07-24,public,"run.zq,sra,fastq","s3,ncbi,gs","gs.us-east1,s3.us-east-1,ncbi.public",SRX9205439,India,Asia,"India: farm near Ranakandorana\, Gujarat",Illumina MiSeq,21.618669 N 69.865737 E,B31,PAIRED,PCR,METAGENOMIC,soil metagenome,ILLUMINA,2021-09-28T00:00:00Z,2020-09-28T16:04:00Z,1,B31,SRP285612,terrestrial biome,agricultural field,agricultural soil,8.91,,row crops,Groundnut/peanut,15 cm,not applicable,,,
SRR12732190,AMPLICON,501,36052108,PRJNA665712,SAMN16268845,"MIMARKS.survey,MIGS/MIMS/MIMARKS.soil",19443998,SAURASHTRA UNIVERSITY,2017-05-21,public,"fastq,sra,run.zq","s3,ncbi,gs","ncbi.public,s3.us-east-1,gs.us-east1",SRX9205438,India,Asia,"India: farm near Ranakandorana\, Gujarat",Illumina MiSeq,21.618669 N 69.865737 E,B12,PAIRED,PCR,METAGENOMIC,soil metagenome,ILLUMINA,2021-09-28T00:00:00Z,2020-09-28T16:04:00Z,1,B12,SRP285612,terrestrial biome,agricultural field,agricultural soil,8.22,,row crops,Groundnut/peanut,15 cm,not applicable,,,
SRR12732191,AMPLICON,501,45146445,PRJNA665712,SAMN16268844,"MIMARKS.survey,MIGS/MIMS/MIMARKS.soil",24656321,SAURASHTRA UNIVERSITY,2017-05-21,public,"sra,run.zq,fastq","s3,gs,ncbi","s3.us-east-1,gs.us-east1,ncbi.public",SRX9205437,India,Asia,"India: farm near Ranakandorana\, Gujarat",Illumina MiSeq,21.618669 N 69.865737 E,B11,PAIRED,PCR,METAGENOMIC,soil metagenome,ILLUMINA,2021-09-28T00:00:00Z,2020-09-28T16:04:00Z,1,B11,SRP285612,terrestrial biome,agricultural field,agricultural soil,8.35,,row crops,Groundnut/peanut,15 cm,not applicable,,,
SRR16117886,WGS,410,1153762608,PRJNA665712,SAMN21855227,Metagenome or environmental,805081814,SAURASHTRA UNIVERSITY,2017-05-07,public,"fastq,sra,run.zq","s3,ncbi,gs","ncbi.public,s3.us-east-1,gs.us-east1",SRX12403397,India,Asia,"India: farm near Ranakandorana\, Gujarat",Illumina MiSeq,21.618669 N 69.865737 E,PS,PAIRED,RANDOM,METAGENOMIC,soil metagenome,ILLUMINA,2021-10-02T00:00:00Z,2021-09-29T13:07:00Z,1,PreSowing,SRP285612,,,,,,,,,,agricultural soil,,
SRR16117887,WGS,390,1383809437,PRJNA665712,SAMN21855226,Metagenome or environmental,972025450,SAURASHTRA UNIVERSITY,2017,public,"run.zq,sra,fastq","gs,s3,ncbi","s3.us-east-1,gs.us-east1,ncbi.public",SRX12403396,India,Asia,"India: farm near Ranakandorana\, Gujarat",Illumina MiSeq,21.618669 N 69.865737 E,B,PAIRED,RANDOM,METAGENOMIC,soil metagenome,ILLUMINA,2021-10-02T00:00:00Z,2021-09-29T13:07:00Z,1,Bulk,SRP285612,,,,,,,,,,agricultural soil,,
SRR16117888,WGS,404,1379724426,PRJNA665712,SAMN21855225,Metagenome or environmental,963156848,SAURASHTRA UNIVERSITY,2017-10-08,public,"sra,fastq,run.zq","gs,s3,ncbi","ncbi.public,gs.us-east1,s3.us-east-1",SRX12403395,India,Asia,"India: farm near Ranakandorana\, Gujarat",Illumina MiSeq,21.618669 N 69.865737 E,R8,PAIRED,RANDOM,METAGENOMIC,rhizosphere metagenome,ILLUMINA,2021-10-02T00:00:00Z,2021-09-29T13:08:00Z,1,Rhizosphere8,SRP285612,,,,,Arachis hypogaea,,,,,,,
SRR16117889,WGS,388,1163805157,PRJNA665712,SAMN21855224,Metagenome or environmental,819869182,SAURASHTRA UNIVERSITY,2017-09-20,public,"fastq,sra,run.zq","ncbi,s3,gs","ncbi.public,s3.us-east-1,gs.us-east1",SRX12403394,India,Asia,"India: farm near Ranakandorana\, Gujarat",Illumina MiSeq,21.618669 N 69.865737 E,R7,PAIRED,RANDOM,METAGENOMIC,rhizosphere metagenome,ILLUMINA,2021-10-02T00:00:00Z,2021-09-29T13:07:00Z,1,Rhizosphere7,SRP285612,,,,,Arachis hypogaea,,,,,,,
SRR16117890,WGS,402,1255613275,PRJNA665712,SAMN21855223,Metagenome or environmental,884778269,SAURASHTRA UNIVERSITY,2017-09-03,public,"run.zq,fastq,sra","gs,s3,ncbi","s3.us-east-1,ncbi.public,gs.us-east1",SRX12403393,India,Asia,"India: farm near Ranakandorana\, Gujarat",Illumina MiSeq,21.618669 N 69.865737 E,R6,PAIRED,RANDOM,METAGENOMIC,rhizosphere metagenome,ILLUMINA,2021-10-02T00:00:00Z,2021-09-29T13:07:00Z,1,Rhizosphere6,SRP285612,,,,,Arachis hypogaea,,,,,,,
SRR16117891,WGS,396,1329303780,PRJNA665712,SAMN21855222,Metagenome or environmental,926875866,SAURASHTRA UNIVERSITY,2017-08-20,public,"sra,run.zq,fastq","ncbi,s3,gs","ncbi.public,s3.us-east-1,gs.us-east1",SRX12403392,India,Asia,"India: farm near Ranakandorana\, Gujarat",Illumina MiSeq,21.618669 N 69.865737 E,R5,PAIRED,RANDOM,METAGENOMIC,rhizosphere metagenome,ILLUMINA,2021-10-02T00:00:00Z,2021-09-29T13:08:00Z,1,Rhizosphere5,SRP285612,,,,,Arachis hypogaea,,,,,,,
SRR16117892,WGS,402,1385887519,PRJNA665712,SAMN21855221,Metagenome or environmental,967108946,SAURASHTRA UNIVERSITY,2017-08-06,public,"run.zq,fastq,sra","ncbi,gs,s3","s3.us-east-1,gs.us-east1,ncbi.public",SRX12403391,India,Asia,"India: farm near Ranakandorana\, Gujarat",Illumina MiSeq,21.618669 N 69.865737 E,R4,PAIRED,RANDOM,METAGENOMIC,rhizosphere metagenome,ILLUMINA,2021-10-02T00:00:00Z,2021-09-29T13:09:00Z,1,Rhizosphere4,SRP285612,,,,,Arachis hypogaea,,,,,,,
SRR16117893,WGS,401,1282035550,PRJNA665712,SAMN21855220,Metagenome or environmental,898620012,SAURASHTRA UNIVERSITY,2017-07-24,public,"fastq,run.zq,sra","gs,s3,ncbi","s3.us-east-1,gs.us-east1,ncbi.public",SRX12403390,India,Asia,"India: farm near Ranakandorana\, Gujarat",Illumina MiSeq,21.618669 N 69.865737 E,R3,PAIRED,RANDOM,METAGENOMIC,rhizosphere metagenome,ILLUMINA,2021-10-02T00:00:00Z,2021-09-29T13:07:00Z,1,Rhizosphere3,SRP285612,,,,,Arachis hypogaea,,,,,,,
SRR16117894,WGS,440,1055815948,PRJNA665712,SAMN21855228,Metagenome or environmental,739757136,SAURASHTRA UNIVERSITY,2017-10-18,public,"run.zq,sra,fastq","gs,s3,ncbi","ncbi.public,s3.us-east-1,gs.us-east1",SRX12403389,India,Asia,"India: farm near Ranakandorana\, Gujarat",Illumina MiSeq,21.618669 N 69.865737 E,PH,PAIRED,RANDOM,METAGENOMIC,soil metagenome,ILLUMINA,2021-10-02T00:00:00Z,2021-09-29T13:08:00Z,1,PostHarvest,SRP285612,,,,,,,,,,agricultural soil,,
SRR16117895,WGS,401,1361180456,PRJNA665712,SAMN21855219,Metagenome or environmental,953035351,SAURASHTRA UNIVERSITY,2017-07-02,public,"sra,run.zq,fastq","gs,ncbi,s3","ncbi.public,s3.us-east-1,gs.us-east1",SRX12403388,India,Asia,"India: farm near Ranakandorana\, Gujarat",Illumina MiSeq,21.618669 N 69.865737 E,R2,PAIRED,RANDOM,METAGENOMIC,rhizosphere metagenome,ILLUMINA,2021-10-02T00:00:00Z,2021-09-29T13:08:00Z,1,Rhizosphere2,SRP285612,,,,,Arachis hypogaea,,,,,,,
SRR16117896,WGS,380,1417750472,PRJNA665712,SAMN19587488,Metagenome or environmental,985000100,SAURASHTRA UNIVERSITY,2017-05-21,public,"fastq,sra,run.zq","s3,ncbi,gs","ncbi.public,s3.us-east-1,gs.us-east1",SRX12403387,India,Asia,"India: farm near Ranakandorana\, Gujarat",Illumina MiSeq,21.618669 N 69.865737 E,R1,PAIRED,RANDOM,METAGENOMIC,rhizosphere metagenome,ILLUMINA,2021-10-02T00:00:00Z,2021-09-29T13:08:00Z,1,Rhizosphere1,SRP285612,,,,,Arachis hypogaea,,,,,,,
